method,instance,seed,start_gap,gap,heat_time,time
gnn,0,1,3.4990851019703006,0.6890507944594004,0.010120505000031699,2.3643444250001266
softdist,0,1,4.275084195638157,0.965209739980466,0.005638410999836196,2.4024477089997163
dist,0,1,3.8352907800195624,0.3691915164503179,0.005338774999927409,2.3845978260001175
difusco,0,1,2.6156230268705283,0.788418938681712,0.002630641999985528,2.3824186110000483
dimes,0,1,7.644039114278511,1.2792255080221082,0.0018912949999503326,2.021897214999626
attgcn,0,1,5.824289998655829,0.8907446811747821,0.002977023000312329,2.014874039999995
gnn,1,1,3.8826391685817363,0.3135959203114158,0.0050896819998342835,2.0222430849999
softdist,1,1,3.681714557784943,0.3633487811602665,0.005384798000250157,2.0192730429998846
dist,1,1,5.610550532190284,0.5405267714409412,0.005067118000170012,2.0224163920001956
difusco,1,1,1.9403497405284131,0.4071227269541122,0.0016880079997463326,2.011294497000108
dimes,1,1,4.464195942972293,1.1386398497062578,0.001360895999823697,2.0123091280001972
attgcn,1,1,5.25968813360318,0.9839829715372783,0.0022957219998716027,2.0134889370001474
gnn,2,1,4.150088991573453,0.5945973619147837,0.003535785999702057,2.0163197150000087
softdist,2,1,6.19839692808164,1.0241426856335112,0.004355302000021766,2.018065220000153
dist,2,1,4.485219594855239,0.42857349958242974,0.0030471200002466503,2.016013176999877
difusco,2,1,2.7408164285625425,0.8137286736837002,0.0015237139996315818,2.0121780539998326
dimes,2,1,5.636355696654527,0.7709049210969932,0.0013503949999176257,2.0120811739998317
attgcn,2,1,6.21642733593748,1.0980185048079072,0.002051588000085758,2.0137872079999397
gnn,3,1,4.395679599266611,0.3679097878297011,0.003532450999955472,2.0160575280001467
softdist,3,1,3.2411063514049765,0.3280756440318777,0.0033067210001718195,2.0155066629999965
dist,3,1,4.481911290253415,0.3542309339801708,0.0034000379996541596,2.022165954999764
difusco,3,1,1.979813190578228,0.11731844831472937,0.0016340649999619927,2.013997353999912
dimes,3,1,4.8796978227572785,0.8296281699704089,0.0013743780000368133,2.0154667280003196
attgcn,3,1,6.034562491876949,0.6068293498670885,0.0021700859997508815,2.0255300670000906
gnn,4,1,3.594971061731389,0.8787183909061413,0.005097466000279383,2.0222300559998985
softdist,4,1,4.7273731208270275,0.602024985738514,0.004253509999671223,2.027301449999868
dist,4,1,5.2494394869925465,0.3556633942978671,0.0031249120002030395,2.0163490320001074
difusco,4,1,1.9641828964602537,0.3807654396219773,0.0014864460003991553,2.010697356000037
dimes,4,1,4.621575371557518,0.4866584309629163,0.0015978790002009191,2.0451330040000357
attgcn,4,1,6.134846764272361,0.9363506602303007,0.0020233899999766436,2.014651739999863
gnn,5,1,3.387845173767823,0.5543449421377078,0.0036486439998952847,2.016956544000095
softdist,5,1,3.6134952078129112,0.4801911478757859,0.003348943000219151,2.0161136320002697
dist,5,1,4.2946347027880805,0.324345969196993,0.0030972549998296017,2.016500618000009
difusco,5,1,2.5677052891928787,0.4110397215437933,0.0014724040001965477,2.011121545000151
dimes,5,1,5.140486608032457,0.944002504791519,0.0013451510003505973,2.012358770999981
attgcn,5,1,5.2438050531855795,0.8190861109373282,0.0024039149998316134,2.0144366089998584
gnn,6,1,3.356037997528394,0.1713304978627983,0.003359545999956026,2.0205667400000493
softdist,6,1,4.530187770100258,0.7180801213517052,0.0033343579998472705,2.0161760109999705
dist,6,1,4.342480560912643,0.6785861368450385,0.0032376919998569065,2.018344696999975
difusco,6,1,3.5075589275832986,0.25444336769946396,0.001513136000085069,2.013949313000012
dimes,6,1,6.686150209209307,1.3106459618505983,0.0013728339999943273,2.0119688539998606
attgcn,6,1,5.472629107851246,1.3455380675647444,0.0023087800000212155,2.0148351880002338
gnn,7,1,4.761813731955211,0.5350894771721126,0.0034706540000115638,2.028404096000031
softdist,7,1,4.581149322518607,0.4704951668016877,0.003396384000097896,2.017974446000153
dist,7,1,4.8237828339356525,0.6044978082289099,0.002969785999994201,2.016191763000279
difusco,7,1,3.7829869772545877,0.543389162274166,0.0016618970003037248,2.0124537330002568
dimes,7,1,6.655693987833455,0.8390302720254317,0.0013501149996955064,2.0126106729999265
attgcn,7,1,5.711299895565114,0.722124876560315,0.002149584000108007,2.012833330000376
gnn,8,1,4.346987420856685,0.4067622599069898,0.0033234719999200024,2.0197793570000613
softdist,8,1,4.97141833469279,0.5206095888294682,0.003581467000003613,2.0172640670002693
dist,8,1,4.416356675050537,0.7439433152745867,0.0034611320002113644,2.021376458999839
difusco,8,1,2.6471773425559286,0.4330940720722598,0.001683186999798636,2.011393639999824
dimes,8,1,5.51513539273909,0.915212352067174,0.00164700699997411,2.0181267589996423
attgcn,8,1,6.72245772730482,1.055899819714634,0.0022521519999827433,2.013216887999988
gnn,9,1,4.572780849670788,0.16448933733106408,0.0035375019997445634,2.016290433999984
softdist,9,1,3.263079055333362,0.782357637804143,0.0033547759999237314,2.0160896509996746
dist,9,1,4.4324746569305296,1.017593610572054,0.003067284999815456,2.0163820540001325
difusco,9,1,1.8667785945012172,0.46959201550158536,0.0017084090000025753,2.011715871999968
dimes,9,1,5.930831422417704,1.3862986315618553,0.0013197859998399508,2.0126811609998185
attgcn,9,1,5.072680259321638,1.1498529779097932,0.0024222160000135773,2.017495494999821
gnn,10,1,5.355410612624789,0.6392034233559274,0.0036362450000524404,2.028317094999693
softdist,10,1,3.729904779599358,0.9215975609620841,0.003693098999974609,2.0252154059999157
dist,10,1,4.027210733721809,1.1392453836699845,0.0031818130000829115,2.0160837290000018
difusco,10,1,2.8988632264301595,0.6898125180020864,0.0019196379998902557,2.0164168090000203
dimes,10,1,5.199629211387791,1.544900656191417,0.001419592999809538,2.030248864999976
attgcn,10,1,5.340422444463866,0.9842419508115263,0.002194809000229725,2.016722795000078
gnn,11,1,3.8310980296019093,0.9257198768702235,0.00377955900012239,2.019696103000115
softdist,11,1,5.017119042442064,0.7587497716037284,0.003555991999746766,2.017976950999582
dist,11,1,4.979079759996474,0.7092837937453078,0.0030289650003396673,2.016968525000266
difusco,11,1,2.534336514491531,0.40839027966970143,0.0014932750000298256,2.0124274120003065
dimes,11,1,5.764392642803617,0.8064544518038952,0.0013564030000452476,2.013307399000041
attgcn,11,1,6.032271908369591,1.2946023735611378,0.0022936329996809945,2.012953785999798
gnn,12,1,3.673616979119032,0.5706553832734107,0.0035862590002579964,2.0287973439999405
softdist,12,1,4.709609439752982,0.9673568917046182,0.003277667000020301,2.0198435190000055
dist,12,1,3.567477553448839,0.7612099093212699,0.003015167000285146,2.030280094000318
difusco,12,1,3.2515672563811826,0.5880850072042865,0.001471682000101282,2.019262013000116
dimes,12,1,5.312280099010058,1.035702867897026,0.0014746329998160945,2.01319208599989
attgcn,12,1,7.203012412368404,0.9821633399621721,0.0023126680002860667,2.0136661280002954
gnn,13,1,3.6225820061972724,0.39684343263839406,0.004814764999991894,2.0283585349998248
softdist,13,1,3.981067776773406,0.8551186889838247,0.0044968550000703544,2.024375932000112
dist,13,1,4.266781286620502,0.7017313874357001,0.0033303860000160057,2.016465270000026
difusco,13,1,3.819440544838315,0.6482740602339998,0.001478248000239546,2.0129242640000484
dimes,13,1,6.2002006878820515,1.8453398827346534,0.0012762920000568556,2.0151223890002257
attgcn,13,1,5.989592790481568,0.7983825013263779,0.0025622559996918426,2.013453408999794
gnn,14,1,5.216822814714961,0.7504764946027143,0.0034226339998895128,2.0182431329999417
softdist,14,1,4.86834071326836,1.213463204210341,0.003516766999837273,2.022790929999701
dist,14,1,4.349007185879161,0.7186343883871738,0.004357274000085454,2.021664398000212
difusco,14,1,2.116735677666415,0.5628123215737357,0.0015844099998503225,2.0110352949996013
dimes,14,1,4.2758712300503765,0.8280641618519047,0.0013750129996878968,2.0134164449996206
attgcn,14,1,4.937698302463578,0.609370526784514,0.0021482869997271337,2.0144412129998273
gnn,15,1,5.113126561254799,0.4345697232673862,0.003347217999817076,2.0165038430000095
softdist,15,1,3.3012313437995378,0.3851358293752938,0.003414902999793412,2.016334146999725
dist,15,1,4.878441962991764,0.8071048033303718,0.0030411890002142172,2.0144356089999746
difusco,15,1,2.0939898893556297,0.648455615575938,0.0014572599998246005,2.021196467000209
dimes,15,1,6.0002787539959135,0.5459890100705689,0.0013003320000279928,2.0121580990003167
attgcn,15,1,5.567797127261653,0.8264091402579776,0.0021600620002573123,2.0123988850000387
gnn,16,1,4.1572735912027925,0.5681245351345732,0.003502998999920237,2.016617569999653
softdist,16,1,3.7122006421535403,0.5248356547750577,0.0034473529999559105,2.0227658580001844
dist,16,1,4.2040867905792645,0.8495317245953204,0.0030498840001200733,2.0152935510000134
difusco,16,1,2.700043842414912,0.36032308061588747,0.0015760380001665908,2.011332859000049
dimes,16,1,5.962290216443078,1.4372124936265829,0.0013341159997253271,2.012315684999976
attgcn,16,1,5.2183380154926295,0.9446271744899537,0.0020440009998310416,2.014746044000276
gnn,17,1,3.0265558384893865,0.5261041482634843,0.003366559999903984,2.016107029000068
softdist,17,1,5.287457276055418,1.0601072236115616,0.0033194950001416146,2.0167607109997334
dist,17,1,3.0801566710233708,0.4281974444965142,0.0039466069997615705,2.0235344789998635
difusco,17,1,2.5782081726082984,0.19161179886824087,0.0022002870000505936,2.016471595999974
dimes,17,1,5.588223595827491,0.5927525763469665,0.0013470649996634165,2.011738927999886
attgcn,17,1,5.025476464352563,0.8911519017589908,0.002698603000226285,2.016645396000058
gnn,18,1,3.4589895053017905,0.5174908267989942,0.003384171999641694,2.024701160999939
softdist,18,1,5.6097900621914,0.5138026016967112,0.0033657750000202213,2.0208872279999923
dist,18,1,5.465503774228564,1.280976816803392,0.003995233000296139,2.023788620000232
difusco,18,1,2.7385835620281407,0.8884025535726314,0.001544104000004154,2.011419941999975
dimes,18,1,5.3089761581425865,0.9584158549760913,0.0013849389997631079,2.012902144999771
attgcn,18,1,6.9692842640684205,1.2348919712839246,0.002033505999861518,2.012638980999782
gnn,19,1,4.380155048417711,0.4973711109095946,0.003309757999886642,2.0168551480001042
softdist,19,1,6.235078382576775,1.1931600002438758,0.003268696999839449,2.0174432559997513
dist,19,1,4.239892795977784,0.6885905403708037,0.002988831000038772,2.0153575499998624
difusco,19,1,4.10103633134693,0.7563264846383699,0.0015985449999789125,2.013160982000045
dimes,19,1,5.290914702224825,1.1101600308364157,0.001875409000149375,2.0179241900000306
attgcn,19,1,5.05906103639846,1.0095322595481404,0.0023474999998143176,2.0170986049997737
gnn,20,1,4.358688703904368,0.420111760842623,0.00346897400004309,2.017160908000278
softdist,20,1,4.743458595469585,0.7782279308518936,0.0036953200001335063,2.018393848999949
dist,20,1,4.5485617901098285,0.6776644419117739,0.003046373999950447,2.0152286759998788
difusco,20,1,3.3570440911055988,0.770994718057505,0.0015027170002213097,2.0116321640002752
dimes,20,1,4.943124366961427,0.955462966292564,0.0014262919999055157,2.0132106750002094
attgcn,20,1,5.811247654101481,1.137340580240065,0.0020678330001828726,2.013775886000076
gnn,21,1,4.240697089193413,0.5146495124544792,0.003752461000203766,2.0173832559999028
softdist,21,1,3.4662053795035064,0.7255794732959897,0.003993712000010419,2.0177759869998226
dist,21,1,2.328278696097552,0.4517151832472033,0.0031686279999121325,2.0278773
difusco,21,1,1.7926172250073424,0.08459576313182282,0.0014850659999865456,2.010637364000104
dimes,21,1,5.746859250515657,1.0040551654430852,0.0013052069998593652,2.012074074999873
attgcn,21,1,6.277089861788276,0.7896295898714545,0.0021170059999349178,2.016926958000113
gnn,22,1,4.505070642368336,0.2694385176602365,0.0035988149998047447,2.017147256000044
softdist,22,1,4.226296109735683,0.5791434798490425,0.0043037700002059864,2.021445447000133
dist,22,1,4.527774211308144,0.5786130510712528,0.0029550029998972605,2.0152847859999383
difusco,22,1,2.3439727175672775,1.0934781031251672,0.0020477340003708377,2.0148210350002955
dimes,22,1,4.35460036753561,1.1470605734813288,0.00134479200005444,2.013376354999764
attgcn,22,1,6.735799200625503,0.9510603302461229,0.002145072000075743,2.0205133100002968
gnn,23,1,4.596889173040308,0.5828536855869482,0.0032708499998079787,2.033890680999775
softdist,23,1,4.393662864136427,0.4781370999240142,0.003975959000399598,2.0442586300000585
dist,23,1,5.168428385687296,0.8359088566874062,0.0033553110001776076,2.0157168780001484
difusco,23,1,2.968681117061922,0.6748488339161085,0.001683354999840958,2.012902206000035
dimes,23,1,6.1327300336897705,1.237918760846335,0.0016665179996380175,2.0181187569996837
attgcn,23,1,5.219672947693943,1.1076677997984508,0.0028466680000747147,2.0187480039999173
gnn,24,1,3.8058741952329056,0.3336107524240184,0.003408596000099351,2.017136534000201
softdist,24,1,3.7515492894101055,0.6503994977591576,0.0034232339999107353,2.017676166000001
dist,24,1,4.724997395503605,0.6618171791931804,0.0031592880000061996,2.0163105320002614
difusco,24,1,3.2362421930965057,0.7431286235015433,0.0015586650001750968,2.0112890529999277
dimes,24,1,5.451953626045469,0.9012147537393211,0.0013525360000130604,2.0124558360002993
attgcn,24,1,4.726172287871755,0.835295903814659,0.003242028000386199,2.0141670760003763
gnn,25,1,4.287046032000519,0.6733159070605899,0.0036386159999892698,2.0195456209999065
softdist,25,1,4.307544156486776,0.7053072110314584,0.0035367509999559843,2.019205217000035
dist,25,1,3.624388442732851,0.8565134206925062,0.0032188440000027185,2.015898933999779
difusco,25,1,3.1559202930673935,0.3766658146829416,0.001579422999839153,2.0129724009998426
dimes,25,1,6.0502909291919815,0.9999129538198925,0.0014160090004224912,2.012005484000383
attgcn,25,1,5.272386215307456,0.8649354741038895,0.0025338469999951485,2.0198785299999145
gnn,26,1,5.3504444978411225,0.5965458051247374,0.0034288210003978747,2.018439571000272
softdist,26,1,4.380378094528048,1.0732758130777897,0.0037824730002284923,2.039809896999941
dist,26,1,5.27734560968649,0.7757639327226284,0.003277066000009654,2.015267126999788
difusco,26,1,3.7029392895907343,0.6076951589040869,0.0020307150002736307,2.012109342000258
dimes,26,1,4.8422977867734085,0.8960052706808108,0.0015212370003609976,2.013643047000187
attgcn,26,1,5.602530907919845,1.0737566706102042,0.00224259600008736,2.014610199999879
gnn,27,1,4.52300204086995,0.12610600845608388,0.004295011000067461,2.0244026820000727
softdist,27,1,4.311108831084054,0.5258293808243497,0.003774325999984285,2.019343449000189
dist,27,1,4.431993234935683,1.0952091045083545,0.0034563079998406465,2.0168395350001447
difusco,27,1,3.6931434537321506,0.9419585321410517,0.0015024549998088332,2.0176563569998507
dimes,27,1,5.158665503502968,0.6988762137277504,0.002801482999984728,2.014929127999949
attgcn,27,1,6.426522651340938,0.7332683700420173,0.0021495650003089395,2.018020577000243
gnn,28,1,3.7631521906287713,0.7121644110367642,0.004116249000162497,2.0500257850003436
softdist,28,1,4.607342235289824,0.5107264208157325,0.003553042000021378,2.0277495990003445
dist,28,1,4.113112620330872,0.5194419997209598,0.003151708000132203,2.0330761720001647
difusco,28,1,2.593894733710589,0.5346945627039412,0.001592605000041658,2.042766391999976
dimes,28,1,5.040440231695498,1.178272951747683,0.001871638000011444,2.017577285999778
attgcn,28,1,5.495985242882706,0.8969766767153997,0.003049293999993097,2.0150194059997375
gnn,29,1,3.988008707925217,0.4925559954840786,0.0034065570002894674,2.0224000780003735
softdist,29,1,4.494313343284673,1.1112923736121383,0.004886097000053269,2.0232329300001766
dist,29,1,4.541164646498785,0.5589291909655625,0.002968713999962347,2.0162207969997326
difusco,29,1,1.9605061087869746,0.35575981396545053,0.0018194969998148736,2.014576833999854
dimes,29,1,6.254208633345271,1.2074089063299764,0.0014586900001631875,2.0120979369999077
attgcn,29,1,5.795288345782246,1.0727402387543883,0.0020186870001452917,2.0155040740000914
gnn,30,1,4.799285796557862,0.645917214547076,0.0036484709999058396,2.0247842740000124
softdist,30,1,4.110035261044853,0.7056465997664629,0.004443967000042903,2.0207229440002266
dist,30,1,4.615610292918815,0.8194272542789927,0.00327684700005193,2.0296384520001993
difusco,30,1,2.874800652854903,0.5247850967094791,0.0014914809999027057,2.0118926320001265
dimes,30,1,5.515335546314781,1.0406947602962902,0.0013829680001435918,2.0128145070002574
attgcn,30,1,4.657640410042219,0.8586559771358804,0.002035030000115512,2.013062509000065
gnn,31,1,5.08472846457626,0.6996375575342828,0.004892309999831923,2.0230380709999736
softdist,31,1,4.488998743670836,0.826381679432453,0.003502991999994265,2.016892550999728
dist,31,1,4.988242859043024,0.9307684005441796,0.0030709139996361046,2.0167745239996293
difusco,31,1,1.686658276419517,0.4376991078195669,0.0016186539996851934,2.015937956000016
dimes,31,1,4.9537579263284615,0.36200265881094484,0.0014532959999087325,2.0126982280003176
attgcn,31,1,5.78811567433537,0.8852718874029497,0.0021352210001168714,2.0143342549999943
gnn,32,1,4.25751606704976,0.6651346311869366,0.006835711999883642,2.0218752900000254
softdist,32,1,5.119363646701314,0.7871683677173946,0.004962203999639314,2.0251001909996376
dist,32,1,3.9332377410313146,0.8260059138845532,0.003343756000049325,2.016002653999749
difusco,32,1,2.308548077523609,0.8866370527016221,0.0020338839999567426,2.0156794550002815
dimes,32,1,5.486013414559987,0.8352782297788686,0.0014183349999257189,2.0117944929997975
attgcn,32,1,5.472447010057846,1.0380259346975063,0.002027872999860847,2.0120341309998366
gnn,33,1,4.592195405842547,0.8091966214459401,0.003510633000132657,2.0186293699998714
softdist,33,1,5.104956513715497,0.64720003016141,0.0038177020001057826,2.019579098000122
dist,33,1,5.268235908073482,0.763754966105723,0.002983293999932357,2.014567717999853
difusco,33,1,2.4535493415095866,0.7499042178162885,0.0014952950000406418,2.0114048109999203
dimes,33,1,4.578941986880847,0.9574041023496349,0.0013709869999729563,2.0113423170000715
attgcn,33,1,5.593929044036017,0.9515722456777453,0.0022439379999923403,2.0247355260003133
gnn,34,1,3.4275707582435366,0.33568902990939176,0.003379079999831447,2.026594642999953
softdist,34,1,2.96719694612424,0.9402571452172603,0.003369861999999557,2.021861775999696
dist,34,1,3.6786821074396903,0.5468603564175112,0.003050826999697165,2.015621056999862
difusco,34,1,2.4223412130902844,0.6280737466072495,0.001667515999997704,2.0257187399997747
dimes,34,1,5.391307385048338,1.0063691266412267,0.0014937379996808886,2.012540655999601
attgcn,34,1,5.158533494712381,0.8206507150269715,0.002468661999955657,2.0171579899997596
gnn,35,1,3.774702775535199,0.3796898068697985,0.0037884949997533113,2.0191907329999594
softdist,35,1,4.93579730543916,0.46316267851584936,0.003574703000140289,2.0191627600001993
dist,35,1,4.463126137690354,0.6672793020732648,0.003459041000041907,2.024592418999873
difusco,35,1,2.734191532517727,0.901864891462445,0.0017020079999383597,2.0124798830001964
dimes,35,1,5.373249707034788,0.7578110407770566,0.0017933899998752167,2.0156739170001856
attgcn,35,1,5.574125019567799,0.7782860591182716,0.0021243979999781004,2.01387914299994
gnn,36,1,2.910727414528802,0.650686473765183,0.003386683000371704,2.0193624790003923
softdist,36,1,5.467156783761062,0.7051066273340512,0.003346129999954428,2.020014653999624
dist,36,1,5.494511735321117,0.8765344542972064,0.00395766299971001,2.0192659499998626
difusco,36,1,1.966893130962144,0.5517462496393399,0.001489825999669847,2.0260546389999945
dimes,36,1,5.0739610587476,0.8969570675194438,0.0015575319998788473,2.0138407140002528
attgcn,36,1,5.724439152584804,1.2097618667736398,0.0031993390002753586,2.01901636599996
gnn,37,1,4.452235415798245,0.5352948967467075,0.0033463409999967553,2.0167493490002926
softdist,37,1,3.524600843632686,0.5281210858049556,0.003421548000005714,2.016395796999859
dist,37,1,3.9845787210028627,0.5446917946088536,0.0030283419996521843,2.05274387999998
difusco,37,1,2.549185337251969,0.8916163096122975,0.001534372000151052,2.014103620000242
dimes,37,1,5.1228136072972275,0.7709001982590058,0.0014566290001312154,2.012035529000059
attgcn,37,1,5.424031019953834,1.1263455078759588,0.0020383640003274195,2.012860923000062
gnn,38,1,4.57863207124618,0.8305217153386835,0.003490524000426376,2.0177314000002298
softdist,38,1,3.1438969661117477,0.8827693551394455,0.0033530740001879167,2.016911870000058
dist,38,1,4.980711598877341,0.9592745991992224,0.003793011000198021,2.019731571000193
difusco,38,1,2.507093639286717,0.682323393495099,0.0014749030001439678,2.03369581700008
dimes,38,1,6.476289280023906,1.1490348979724452,0.0014607419998355908,2.0166799500002526
attgcn,38,1,5.027005758668723,1.1334241359014285,0.002095651000217913,2.014873503000217
gnn,39,1,3.4879800520802418,0.45100293098905286,0.003337064000334067,2.0178186020002613
softdist,39,1,4.448515267990016,0.5235547354381032,0.0042706310000539816,2.0210239870002624
dist,39,1,4.583258993482153,0.4874002251972209,0.0029378700000961544,2.0156231500000104
difusco,39,1,2.1877461244923513,0.4694603518175411,0.001962496000032843,2.018773837000026
dimes,39,1,5.566528175299945,0.8542201216300338,0.0013552969999182096,2.032747422999819
attgcn,39,1,5.474221675576874,0.9617986989197691,0.0020375049998619943,2.0155854689996886
gnn,40,1,4.301847515454371,0.4126527045397621,0.0034287810003661434,2.017784140999993
softdist,40,1,4.503132755793815,0.37126575295944875,0.00341365800022686,2.016874854999969
dist,40,1,3.555928923258511,0.6130703022264594,0.003994574999978795,2.019643456999802
difusco,40,1,1.7617579059323596,0.6715788856667793,0.0015124999999898137,2.011420980999901
dimes,40,1,6.864788365278662,0.9248775489343997,0.0013392559999374498,2.0133884870001566
attgcn,40,1,6.764648808462059,0.9105621348599602,0.002084899000237783,2.013160555000013
gnn,41,1,3.5079450048342675,0.6965796215684827,0.0034148620002270036,2.018626991000019
softdist,41,1,4.964237149570816,0.7955381455445609,0.0034553880000203208,2.0167426120001437
dist,41,1,5.1235078712810855,0.8147897205089238,0.0029681450000680343,2.015476519999993
difusco,41,1,2.5674041073729725,0.4775430749224929,0.0014935350000087055,2.012454167999749
dimes,41,1,6.167021295192665,1.3663086513835188,0.0013705940000363626,2.0140622260000782
attgcn,41,1,5.492050322709496,1.2488045468150633,0.002070154999728402,2.0130309169999236
gnn,42,1,3.726221797742113,0.6879148579636452,0.0033848650000436464,2.016657405999922
softdist,42,1,4.370112624912159,0.9927189654798108,0.004327826000007917,2.0187347090000003
dist,42,1,5.878953135870302,0.7652437445467397,0.003179086999807623,2.0150774399999136
difusco,42,1,2.4577924783913296,0.5428661118775713,0.0014644380003119295,2.0110139960002016
dimes,42,1,5.167043194392873,1.2183442749507778,0.0014027510001142218,2.013335336000182
attgcn,42,1,6.15214055988782,0.9369701599267533,0.002033440000104747,2.0124678510001104
gnn,43,1,3.2829870574731634,0.6934802230786685,0.0033212510002158524,2.0172729730002175
softdist,43,1,4.1704414896293285,0.8220673872091799,0.003294927999831998,2.0166893420000633
dist,43,1,3.8807328637980643,0.7742916750605566,0.0030090889999883075,2.0162112850002814
difusco,43,1,1.749311547091792,0.471363203168762,0.0016558500001337961,2.012598546999925
dimes,43,1,6.526967749200585,0.6942396525595029,0.001350523999917641,2.0117801430001236
attgcn,43,1,5.762207414316545,0.7341733954482565,0.0020019300000058138,2.0162722610002675
gnn,44,1,4.322883649612996,1.0260112747076056,0.00376573899984578,2.01921821499991
softdist,44,1,4.203727796069989,0.7583796096197082,0.0033181779999722494,2.0173157159997572
dist,44,1,4.8621129524110795,0.7038745869265783,0.003073639999911393,2.0168049339999925
difusco,44,1,4.121978455657227,0.8565737619334435,0.0014817139999649953,2.010749706000297
dimes,44,1,4.791570958844327,1.0098288345132156,0.0014513649998662004,2.0303157149996878
attgcn,44,1,5.503339746876823,0.8980225935524055,0.002043838999725267,2.0274147759996595
gnn,45,1,2.9126975185637782,0.6920894030866487,0.004094109000106982,2.025117386999682
softdist,45,1,3.574979564535319,0.5322096825772116,0.003580688000056398,2.021340402000078
dist,45,1,4.836558168594363,0.8773074397337988,0.004633644000023196,2.0255050119999396
difusco,45,1,2.326597914205175,0.4028217189798289,0.002214133000052243,2.017047588999958
dimes,45,1,5.8372878634427305,1.4396140907316335,0.0017405260000487033,2.018091237000135
attgcn,45,1,6.372150624847173,0.8818744933893452,0.0027746229998228955,2.0156491889997596
gnn,46,1,2.913375992469658,0.6427805430693434,0.0034038839999084303,2.0172498189999715
softdist,46,1,3.761459985799931,0.8216415793815601,0.0037850910002816818,2.0172898499999974
dist,46,1,5.123208042038785,0.9701240198663585,0.002973247000227275,2.015417150000303
difusco,46,1,2.5208688638414856,0.6433686317669496,0.0015130910001062148,2.0113496160001887
dimes,46,1,6.282818814658997,1.0169886995871291,0.0013617080003314186,2.022706406999987
attgcn,46,1,4.752770363187131,0.9737687406631723,0.0021623570000883774,2.0341353329999947
gnn,47,1,4.804835194840673,0.5432548820254679,0.003407020999929955,2.017503881000266
softdist,47,1,4.054143722757986,0.6573735330340114,0.003572945000087202,2.0180596099999093
dist,47,1,4.570799751175936,0.51836834138832,0.0034051779998662823,2.017727713000113
difusco,47,1,3.3587763234092183,0.8668407227766739,0.0017845929996838095,2.013674379999884
dimes,47,1,4.506166025685343,0.7975042144564792,0.0015543949998573225,2.0126235499997165
attgcn,47,1,6.427178328757255,0.7862092410302335,0.0022432750001826207,2.0131490360004136
gnn,48,1,3.5358044781277354,0.48356097827657596,0.004762716999721306,2.0183890329999485
softdist,48,1,4.028429440909886,1.0635909958353729,0.0036366849999467377,2.0192561439998826
dist,48,1,3.9649884298776916,0.5462291671660902,0.003253006999784702,2.015486946999772
difusco,48,1,2.006455894200565,0.113658091530211,0.0014596119999623625,2.010828545000095
dimes,48,1,5.846011183267019,1.5178426197919315,0.001394599999912316,2.012348805000329
attgcn,48,1,4.5779615883776215,0.9770415297601032,0.0022020849996806646,2.0134234659999493
gnn,49,1,3.732818379779834,0.2991002764654249,0.0057268679997832805,2.0215622199998506
softdist,49,1,3.1360691812780006,0.5091711554859879,0.003347657000176696,2.0170863409998674
dist,49,1,4.06408928798252,0.9972664338117054,0.003103540000211069,2.0163716420001947
difusco,49,1,2.0351471109354646,0.3821658195251709,0.0019345179998708772,2.0125775730002715
dimes,49,1,5.798045524270945,1.2102063985607536,0.001309139000113646,2.0136605380002948
attgcn,49,1,6.156926948693542,0.8154491952353293,0.002046986000095785,2.012379606000195
gnn,50,1,3.1977797374197703,0.28807933770353955,0.003331756000079622,2.0247052649997386
softdist,50,1,4.512049122612138,0.583677487882972,0.0033714490000420483,2.0211481609999282
dist,50,1,3.650274879714077,1.0688875205578041,0.0034302209996894817,2.0164510769996014
difusco,50,1,2.7519478006627685,0.42023153879808817,0.001679968999724224,2.012629371999992
dimes,50,1,5.472408040650301,1.1550660884428465,0.001622276000034617,2.018661057999907
attgcn,50,1,6.718157304268213,0.9113239169731058,0.0021393329998318222,2.0223497269998916
gnn,51,1,4.940816821854543,0.41872317910751633,0.00447866000013164,2.022997260000011
softdist,51,1,4.850586876161667,0.6210583751981913,0.0033299199999419216,2.0176553260002947
dist,51,1,4.434918617786265,0.46280414460879715,0.003157759999794507,2.018157257999974
difusco,51,1,2.3805286212621235,0.7695946400578357,0.001498433000051591,2.011542394999651
dimes,51,1,4.743963632970427,1.3656925910327633,0.0017216820001522137,2.0162797279999722
attgcn,51,1,5.230232184815775,1.1395933078214515,0.0024047990000326536,2.0135263510001096
gnn,52,1,4.148732174812642,0.2792558894523678,0.0033981149999817717,2.0238609660000293
softdist,52,1,4.866977730303357,0.668940811593921,0.003340600000228733,2.018356229999881
dist,52,1,3.9736010877427175,0.4283134116734644,0.0030440850000559294,2.025791601000037
difusco,52,1,2.681855756261897,0.48763464166543535,0.0015272519999598444,2.0118331220000982
dimes,52,1,5.0602887284132425,1.0455498405119945,0.0013563010002144438,2.0352841939998143
attgcn,52,1,5.562637583000929,0.7870794084924304,0.001987115000247286,2.013556943000367
gnn,53,1,4.0237916268364815,0.4974911598189191,0.0032244750000245403,2.0184147750001102
softdist,53,1,4.296445419826456,1.3674167670532977,0.003515443000196683,2.0184239889999844
dist,53,1,4.811899853546953,1.1310169558277128,0.003095673999723658,2.0165336449999813
difusco,53,1,2.5363755330577,0.5993665639910439,0.0015323160000662028,2.0110079599999153
dimes,53,1,5.068972951717399,1.4852166619399476,0.001317237999955978,2.0121365019999757
attgcn,53,1,5.19849774383796,0.9138578402283493,0.0020077680001122644,2.0130240890002824
gnn,54,1,3.946463196038974,0.5709476370049593,0.003346851000060269,2.01710416800006
softdist,54,1,4.130000164665026,0.98935478759683,0.004379200000130368,2.024717685000269
dist,54,1,2.9077146951900446,0.3803653404318652,0.003359347999776219,2.0155625829997916
difusco,54,1,2.685895912194236,0.7220789403204808,0.0016823979999571748,2.0130386020000515
dimes,54,1,5.877496485052047,0.8436539068040094,0.0014745040002708265,2.0136015130001397
attgcn,54,1,5.547731312168636,0.6825661658403925,0.0020310310001150356,2.012052577000304
gnn,55,1,4.8477516985990565,0.564524273333511,0.0034198610001112684,2.0178072769999744
softdist,55,1,5.218466327629656,0.7130156649328256,0.0034570810003060615,2.0165389000003415
dist,55,1,4.2489276040903246,0.8018460834183117,0.003076424000028055,2.016637595999782
difusco,55,1,2.1582043329254175,0.8422703043099444,0.0015112900000531226,2.0112774680001166
dimes,55,1,6.229022027724818,0.787814377665641,0.0016202190004150907,2.012694462000127
attgcn,55,1,5.880156513628942,0.5636276995601985,0.0029068520002510922,2.0182957450001595
gnn,56,1,4.895195388543239,0.7876477001436566,0.003781231999710144,2.0175227499998982
softdist,56,1,4.90499913771778,0.9427575395686949,0.003625110000029963,2.0177526380002746
dist,56,1,3.961062505165569,0.7744190636371329,0.0030831179997221625,2.0160057719999713
difusco,56,1,2.8355973395988165,0.4954622825206423,0.001527262999843515,2.011262983999586
dimes,56,1,6.09437669860784,1.0909060126767622,0.0014954910002416,2.0123967570002605
attgcn,56,1,5.047801189373113,1.069320436342358,0.0022466589998657582,2.013722486000006
gnn,57,1,3.236279640601336,0.5899130662772256,0.003912187999958405,2.018498353999803
softdist,57,1,4.18089753663029,0.9802363783311341,0.0036914239999532583,2.026670488000036
dist,57,1,5.035624226441859,0.5892522724184168,0.0033501620000606636,2.0154127710002285
difusco,57,1,3.5354507372167276,0.6725060726245013,0.0021600149998448614,2.0127340979997825
dimes,57,1,5.912064111884274,0.782621207075529,0.0014955149999877904,2.0134292200000345
attgcn,57,1,5.932749023104544,1.0448379211487557,0.0026449100000718317,2.0199837519999164
gnn,58,1,3.6945268053212965,0.5634951243990161,0.0035975309997411387,2.0216471969997656
softdist,58,1,4.45379740996299,0.8339219469652548,0.0035251050003353157,2.0176301410001543
dist,58,1,3.719417210116416,0.4248284916494871,0.003000609000082477,2.0176540980000937
difusco,58,1,3.020671960777599,0.7773307571045551,0.0016283029999613063,2.015175481999904
dimes,58,1,7.271483639258425,1.0473527405441052,0.0014444400003412738,2.034375944000203
attgcn,58,1,7.19014872915178,1.58852207617024,0.0022785800001656753,2.0312761539998974
gnn,59,1,3.9219919185724317,0.47698419702653094,0.003355765999913274,2.0170931709999422
softdist,59,1,4.408492698467792,0.4042216524658526,0.003730078999979014,2.018577438000193
dist,59,1,4.638514332554355,0.847033776969286,0.0036389020001479366,2.017596331999812
difusco,59,1,1.2453941584793293,0.5007896063191186,0.0017160309998871526,2.0154916490000687
dimes,59,1,5.584001106224634,0.6564746600540072,0.001992346999941219,2.0182486640001116
attgcn,59,1,4.972100206649666,1.0322715239031943,0.0028339010000308917,2.0185498460000417
gnn,60,1,4.239249081278995,0.8496744592568106,0.0036696530000881467,2.0309132160000445
softdist,60,1,3.834020791853532,0.6178020175755083,0.0037890530002187006,2.04963128899999
dist,60,1,5.279139357785723,0.6748003290116378,0.00307067099993219,2.040667822999694
difusco,60,1,3.6842926013260335,1.1151129942147398,0.0016347240002687613,2.0179088770000817
dimes,60,1,5.515199597861975,1.2175671236509977,0.0017388260002917377,2.014883342000303
attgcn,60,1,5.748722953250707,0.7822678106704339,0.0021540290003940754,2.014520749999974
gnn,61,1,4.472126209192018,0.5155061501515901,0.0042148850002377,2.0202753550001944
softdist,61,1,4.518972417304501,0.9187654273539625,0.004220962000090367,2.0215171810000356
dist,61,1,5.537585757097574,0.6551383034375302,0.00309766700002001,2.0202420160003385
difusco,61,1,2.2048512155210975,0.6096424778529563,0.0015088780000951374,2.011571641000046
dimes,61,1,6.657409064200048,0.6606413042201442,0.001351947999864933,2.01146331200016
attgcn,61,1,5.856409570202348,1.5976274138903568,0.002062645000023622,2.013011989000006
gnn,62,1,3.3443851665409863,0.38300450406754116,0.0036691240002255654,2.017339075000109
softdist,62,1,4.312827583664847,0.8564417735899221,0.0032938819999799307,2.0168595279997135
dist,62,1,4.368735499936105,0.9174739894739048,0.0031772669999554637,2.0151858190001803
difusco,62,1,2.1938902719297104,0.6410208534598727,0.0015665840001020115,2.012594783000168
dimes,62,1,5.692725399552101,1.452750870860342,0.0013790960001642816,2.0126153400001385
attgcn,62,1,5.2736107123494635,0.8148192592726033,0.002066902000024129,2.0129242569996677
gnn,63,1,5.445739665863303,0.9664612270968265,0.0032918110000537126,2.0175428419997843
softdist,63,1,3.959618042075408,0.4724127766998931,0.003438611999627028,2.0217620009998427
dist,63,1,5.927025094902816,0.8721122938321502,0.0030351159998645016,2.016908814999624
difusco,63,1,2.930442797532251,0.38118838653591336,0.0015055999997457548,2.011234912999953
dimes,63,1,5.663048659804626,0.6798823674242671,0.001528833000065788,2.0138537530001486
attgcn,63,1,5.486329498171916,0.8750612363566779,0.0025714079997669614,2.014856731999771
gnn,64,1,4.1343792533966806,0.9719762030449441,0.003410385000279348,2.0183901870000227
softdist,64,1,3.738842533992326,0.39989612297246513,0.003426937000313046,2.017688577000172
dist,64,1,3.9970605496174816,0.45021294724996164,0.0030630660003225785,2.0182262000002993
difusco,64,1,2.8915590916939404,0.7373321060317739,0.0015480199999728939,2.0114972880001005
dimes,64,1,4.581483454591062,0.8411901371730757,0.001380836999942403,2.012173528999938
attgcn,64,1,5.823086255702803,1.3044530428486967,0.0027959200001532736,2.0182475130000057
gnn,65,1,3.823853473747163,0.4864248830360518,0.003421653000259539,2.017102428000271
softdist,65,1,5.413042368915932,0.6957736846723295,0.0034618569998201565,2.0343058630000996
dist,65,1,4.964178222972215,1.0861533178514904,0.003067816000111634,2.0347579479998785
difusco,65,1,2.195991728228819,0.5199643820917865,0.0023560310000902973,2.0248256859999856
dimes,65,1,4.8254067671810175,1.3068632994761353,0.0012964799998371745,2.042740892999973
attgcn,65,1,4.482338133835029,0.6317012482990103,0.0025424579998798436,2.0380051429997366
gnn,66,1,3.63012216306553,0.42727536736713034,0.004392011999698298,2.0191502719999335
softdist,66,1,4.921969309357177,0.8206365246368863,0.0039947109999047825,2.0193467690000944
dist,66,1,3.5389727831012685,1.0213542700406864,0.00408031300003131,2.0240896249997604
difusco,66,1,1.8143257723471473,0.32555434394834215,0.0018954940001094656,2.015033820000099
dimes,66,1,5.864852565251333,1.253253656962361,0.0014405439997062786,2.016176953000013
attgcn,66,1,5.071672390812365,0.9494595304420983,0.002227848000075028,2.013019548000102
gnn,67,1,3.9155595262656995,0.2844161643873244,0.004519050999988394,2.0211311980001483
softdist,67,1,3.9889318359908277,0.9371515056892932,0.003597928000090178,2.017620782999984
dist,67,1,4.486134897388405,0.7417402520012661,0.003146811000078742,2.015946279000218
difusco,67,1,2.758623270799676,0.48629304667531237,0.0015137469999899622,2.0423125239999536
dimes,67,1,5.087493664987797,1.5894941960673536,0.001307790999817371,2.0129333029999543
attgcn,67,1,6.103944261507621,1.162429150976707,0.002713763999963703,2.015572710000015
gnn,68,1,4.225491238417245,0.5676590598291842,0.004007247000117786,2.0184947210000246
softdist,68,1,6.29973364783234,0.8567196792040876,0.003695027000048867,2.0166164209999806
dist,68,1,5.2983271675571375,1.1109318026122583,0.003013205000115704,2.015149441000176
difusco,68,1,2.0168955352806828,0.531591367419959,0.0015077819998623454,2.011055875999773
dimes,68,1,4.748646502644482,0.7010170597940846,0.001310520000060933,2.0117970510000305
attgcn,68,1,6.548157850865399,1.4121248925358154,0.0020671170000241545,2.013404957000148
gnn,69,1,4.098384322406123,0.6623666306363907,0.0034717450002972328,2.016488357000071
softdist,69,1,4.283301723251021,0.47926156537241305,0.003671290000056615,2.016427919999842
dist,69,1,4.875414945834544,1.1055380842765805,0.0030715520001649566,2.0154168090002713
difusco,69,1,3.021427505158236,0.5241884605351244,0.0016154189997905632,2.011131906999708
dimes,69,1,6.2681543558926744,1.254952671312659,0.0013928289999967092,2.018534561999786
attgcn,69,1,7.056145054004115,1.4980326523706289,0.0020736209999085986,2.0139435799997045
gnn,70,1,4.222843543660426,0.4202382626805168,0.0033586969998395944,2.016737416000069
softdist,70,1,4.047357935158558,0.8098231132989575,0.0035056090000580298,2.0171975850003037
dist,70,1,4.461137322657405,0.688577845220828,0.003439203999732854,2.0165566309997303
difusco,70,1,3.9843518007123713,0.8896837026630688,0.001660095000261208,2.0129843560002882
dimes,70,1,4.658596298056472,0.887955482309577,0.001379798000016308,2.0131727039997713
attgcn,70,1,6.0207841995497,0.9700972507486805,0.00213801500012778,2.022753800999908
gnn,71,1,4.6784846238923095,0.5487292370230268,0.004336711999712861,2.0248647729999902
softdist,71,1,5.664474251708729,0.8690163039844157,0.0034147020001000783,2.017348775999835
dist,71,1,4.073356615285939,0.6972973026776685,0.003095754000241868,2.0158022159998836
difusco,71,1,2.703253050784804,0.707107964328868,0.0018489900003260118,2.017701507000311
dimes,71,1,5.706872205734559,1.4472162671584243,0.0013654889999088482,2.014582326999971
attgcn,71,1,6.32223142626811,0.9802564498671007,0.0031606060001649894,2.017897075000292
gnn,72,1,3.8704757790698707,0.1904011419470386,0.003703315000166185,2.0184560890002103
softdist,72,1,4.8585796517399915,0.44418384808309064,0.0037755299999844283,2.0267278229998738
dist,72,1,4.597818449764235,0.32784073154172866,0.0034118369999305287,2.0159353520002696
difusco,72,1,2.564165080098202,0.25494875637437353,0.001739088999784144,2.0121829220001928
dimes,72,1,4.9065254691878835,0.9499908491015008,0.0014338409996526025,2.014148001999729
attgcn,72,1,6.253944478645956,1.2062690823004596,0.0020588219999808643,2.0144445619998805
gnn,73,1,3.4013604937719766,0.1881737540489814,0.004479617000015423,2.0270575239997015
softdist,73,1,3.8420913241276944,0.5038242841511664,0.0036438110000744928,2.01832249600011
dist,73,1,3.8407545339159466,0.9675992874629058,0.004466008000235888,2.0233848749999197
difusco,73,1,3.199386391743131,0.6778264099563724,0.0017454710000492923,2.0134318469999926
dimes,73,1,4.779520280798133,0.7592434304698914,0.001384316000439867,2.014825753000423
attgcn,73,1,5.4318522153505855,0.8964889726365222,0.0029190300001573632,2.0225028760000896
gnn,74,1,4.377690369859799,0.5884142063301345,0.0035881069998140447,2.017647698000019
softdist,74,1,5.578251541158585,0.9293011026735964,0.004085100999873248,2.0182893850001165
dist,74,1,4.112658178874384,1.0174269349378706,0.0030865449998600525,2.019139833000281
difusco,74,1,3.6593640967085728,0.7407617519781473,0.0014927140000509098,2.011068244999933
dimes,74,1,6.009468253983519,1.73183297869004,0.00137547500025903,2.0119940089998636
attgcn,74,1,5.3492371878777645,1.1968960724197064,0.0025365299998156843,2.0169957590001104
gnn,75,1,3.476938866538992,0.41556400105318136,0.0034213349999845377,2.018466874999831
softdist,75,1,4.121728927282398,0.5585552661403259,0.004110009000214632,2.017252340000141
dist,75,1,4.110246094890968,0.8779542201568402,0.0030826140000499436,2.014647655000317
difusco,75,1,1.7143010836088823,0.8279456905253335,0.0017064160001609707,2.01414839500012
dimes,75,1,5.232454256788754,0.7572289672526544,0.0013563100001192652,2.0192390590000286
attgcn,75,1,5.288647369342558,1.103226245900113,0.0021749450002062076,2.0130275609999444
gnn,76,1,3.5357837958219562,0.6900050313214612,0.003462453000338428,2.0189031290001367
softdist,76,1,3.907395471079944,0.7639470316880281,0.003943433000131336,2.0191796930002965
dist,76,1,4.823456977750462,0.8145122709637853,0.0029667410003639816,2.0156003890001557
difusco,76,1,2.621411193417078,0.5268981568090636,0.001492268000220065,2.011458986999969
dimes,76,1,4.85622957663463,1.2101569135174683,0.001523870000255556,2.0232079800002793
attgcn,76,1,6.573368719167982,1.131473185600651,0.002597307000087312,2.021199658000114
gnn,77,1,4.063506362072156,0.24990666481583546,0.003464647999862791,2.0263644439996824
softdist,77,1,3.7415727040442492,0.42064895912636846,0.004585197999858792,2.0319447669999136
dist,77,1,3.524492634018639,0.8454912646037593,0.004125843000110763,2.019206694999866
difusco,77,1,3.8990689326883654,0.6859052366021023,0.001770981999925425,2.0166585370002394
dimes,77,1,5.6462749045760985,1.2029232294334724,0.0016336050002792035,2.017105842000092
attgcn,77,1,5.926991763165201,1.2209600987421743,0.002095154000016919,2.0126292739996643
gnn,78,1,3.2763134438328123,0.5674886089000131,0.004916184000194335,2.0249406930001896
softdist,78,1,3.7194167692257585,0.9676911545928757,0.0033902579998539295,2.016925504000028
dist,78,1,4.524513052583412,0.9319032052231391,0.0030985799999143637,2.0175414390000697
difusco,78,1,2.4558981964696303,0.9614709331357663,0.0015096269999048673,2.0117805669997324
dimes,78,1,5.902620655130231,0.7951063230237532,0.0013270929998725478,2.0134796110000934
attgcn,78,1,5.5886702652532705,0.9394088386301958,0.0020783019999726093,2.0130618079997475
gnn,79,1,4.6088047651796415,0.8493070988564444,0.0035318199998073396,2.0164252279996617
softdist,79,1,5.2253884042753995,0.9897198385264705,0.003668233000098553,2.0168059299999186
dist,79,1,3.675302909996936,0.7318723608169098,0.003083057000367262,2.0146925110002485
difusco,79,1,1.9019058264822641,0.38236218874243555,0.0015306169998439145,2.010991897999702
dimes,79,1,5.143198018398865,0.9476603825737007,0.0013383190002969059,2.014731605000179
attgcn,79,1,5.501237741657983,0.4652291610236725,0.002085337000153231,2.023360810000213
gnn,80,1,3.813328302851704,0.6382582443817952,0.0033576899995750864,2.016357718999643
softdist,80,1,3.4855588821311123,0.6721065701245976,0.003986646000157634,2.0181823010002518
dist,80,1,3.854225806039957,0.8242092223731845,0.0031862290002209193,2.032761896000011
difusco,80,1,3.21745151194488,0.7709536805441619,0.0016465220001009584,2.0140385290001177
dimes,80,1,5.563002094306602,1.1573897442693548,0.0015796579996276705,2.0157278799997584
attgcn,80,1,5.475782496071013,0.8296195306527698,0.0027548909997676674,2.017840834999788
gnn,81,1,4.718860274378711,0.7880804293459942,0.004474833000131184,2.022547723000116
softdist,81,1,5.526669399706785,0.9760416203936195,0.0038227949999054545,2.0284015580000414
dist,81,1,5.813137119047029,0.47554883432026074,0.003075444000387506,2.015113849000045
difusco,81,1,2.666787612182664,0.5681443717170831,0.0019520740002008097,2.0116553760003626
dimes,81,1,5.672780324521076,1.0606015005969027,0.0013598460000139312,2.01201029799995
attgcn,81,1,4.169640992017798,0.4760005604044215,0.0020979430000807042,2.014763227000003
gnn,82,1,3.5056393274803144,0.48002710216688005,0.0036713350000354694,2.0186124500000915
softdist,82,1,4.706253350816958,1.0305829055182736,0.003768406999824947,2.029018456999893
dist,82,1,3.6813475022118736,0.7825059254186417,0.002901369000028353,2.0148696040000686
difusco,82,1,3.271567134513953,0.6428091403862579,0.0016364310004064464,2.0118933820003804
dimes,82,1,5.482540065193642,0.8393723223379279,0.0015756299999338808,2.0124834819998796
attgcn,82,1,6.389831392046275,0.8279015486624353,0.0021691900001314934,2.018392249000044
gnn,83,1,3.741850051365714,0.6039783766550455,0.0038237329999901704,2.0177717309998116
softdist,83,1,3.9626805569034973,0.8014226731053897,0.0033466140002929023,2.0190466879998894
dist,83,1,3.9332564444190865,0.5572144396160938,0.003170002999922872,2.0154960710001433
difusco,83,1,3.8485817497220687,0.3982952003966922,0.0015722100001767103,2.0116529260003517
dimes,83,1,5.697109005998424,0.574593098396492,0.0017427810003027844,2.0142687090001345
attgcn,83,1,5.35087247773276,0.8191346265087773,0.0024982169998111203,2.0139988839996477
gnn,84,1,4.9206276281133166,0.6230440849063434,0.00345834699965053,2.0168387250000706
softdist,84,1,3.453039988477924,0.8207417279535223,0.003512704000058875,2.019334573999913
dist,84,1,4.471711447739701,0.6407837075002254,0.0031902659998195304,2.0169062869999834
difusco,84,1,2.616202064506279,0.5844267307647311,0.001794627999970544,2.011814869999853
dimes,84,1,6.453089494653819,1.3648129397011877,0.0013708010001209914,2.016869614999905
attgcn,84,1,5.449701991061251,0.7043511730534746,0.002142380999885063,2.0123900819999108
gnn,85,1,4.4856749354613035,0.2010078297703055,0.0035934529996666242,2.01964433799958
softdist,85,1,3.753576882144971,0.46136514762185055,0.003323126999930537,2.0194546519996948
dist,85,1,5.18501194285117,0.6158419442100715,0.0031917310002427257,2.018006027999945
difusco,85,1,2.8430234015030864,0.8394940534984352,0.0018340100000386883,2.0141445889998977
dimes,85,1,5.910083137819866,1.0044811356160421,0.0013176219999877503,2.0172336110003926
attgcn,85,1,5.71522249573444,1.2536488031187343,0.0032249070000034408,2.0192817030001606
gnn,86,1,4.314573416845668,0.7690941458205369,0.003519232999678934,2.017957484999897
softdist,86,1,3.073285227722722,0.40151484608881294,0.003339285000038217,2.0163675820003846
dist,86,1,3.8725934375615223,0.9136113623692488,0.0029459050001605647,2.0149512520001736
difusco,86,1,2.228857125938122,0.7154806862029739,0.0015020400001048984,2.01139083399994
dimes,86,1,4.221861357661871,0.7890428610189959,0.001402703999701771,2.014163317999646
attgcn,86,1,4.773922486468951,1.1830705838206113,0.001992140999846015,2.0183031239998854
gnn,87,1,5.3402216341227104,0.32997325603121297,0.004289192999749503,2.021159973000067
softdist,87,1,5.4489898235388745,0.5632219798468174,0.0038272639999377134,2.0179548779997276
dist,87,1,3.8856218576931445,0.5438267324685109,0.0030365659999915806,2.0159595599998283
difusco,87,1,1.9776064862844,0.4934794173798718,0.0014878729998599738,2.0106215860000702
dimes,87,1,4.747522355732703,0.7976568822511299,0.0015313230001083866,2.017204376999871
attgcn,87,1,6.1572598406397505,1.0930698905954106,0.0022272309997788398,2.024105139999847
gnn,88,1,4.220160474926793,0.545912615159927,0.00367201400013073,2.0174526499999956
softdist,88,1,4.705234654349133,0.7573673957528948,0.003610361000028206,2.019961093999882
dist,88,1,4.465127897197618,0.6055603686363265,0.0028859060003014747,2.0150252700000237
difusco,88,1,2.5047865223018384,0.7017706325987083,0.001464425999984087,2.011343219000082
dimes,88,1,5.463576837398598,0.9834873577968528,0.0013541289999920991,2.021408052999959
attgcn,88,1,4.785101604203024,0.7196064620889508,0.0020694250001724868,2.013268889000301
gnn,89,1,3.386236843875512,0.57339389937896,0.0034085249999407097,2.0173560490002274
softdist,89,1,4.06692231877428,0.5146314383120076,0.0033021970002664602,2.0160068330001195
dist,89,1,3.714071608034608,0.6337297998479263,0.0029797550000694173,2.015180558999873
difusco,89,1,3.0897019869882136,0.8562049550303374,0.0015456980004273646,2.0106279610004094
dimes,89,1,5.572920371203294,0.9111239571879093,0.0013016249999964202,2.011337896999976
attgcn,89,1,7.23152740489299,0.8274705878193123,0.001998990000174672,2.0120652089999567
gnn,90,1,3.514412917493015,0.3210885851947731,0.0034364809998805868,2.017401017999873
softdist,90,1,5.1275124844649245,0.5285388911646871,0.0033306589998574054,2.0170039359995826
dist,90,1,5.301461377581496,0.9965736101342548,0.003040882999812311,2.0149769059999016
difusco,90,1,2.528083135154824,0.8035802355895738,0.0014709380002386752,2.010711155000081
dimes,90,1,7.415766672247415,1.1646856305126407,0.0013481940000019677,2.01104255700011
attgcn,90,1,4.718238572680922,1.1204132893483987,0.0021629499997288804,2.013681217999874
gnn,91,1,4.402436924237074,0.5608194579050485,0.0033339410001644865,2.0172649430001
softdist,91,1,5.82728057096682,0.9415015872555443,0.0033076529998652404,2.015865663999648
dist,91,1,3.9985937581620057,0.6584039539061948,0.003141030000278988,2.0284539720000794
difusco,91,1,2.234920246818617,0.4446128587209497,0.0015287209998859908,2.0144023870002457
dimes,91,1,6.647191664193874,1.2694836591706338,0.0013231419998191996,2.0146254659998704
attgcn,91,1,5.288176974919501,1.4161121293006174,0.002069694000056188,2.0135546010001235
gnn,92,1,3.499061422171379,0.5069194445197933,0.0033348880001540238,2.016133197000272
softdist,92,1,5.166951887594062,0.8828734167410479,0.003430024999943271,2.016787112000202
dist,92,1,4.408058812904647,0.8411222458510448,0.00413499900014358,2.0198895360003917
difusco,92,1,3.2651963992548216,0.8159206044644041,0.0015818589999980759,2.0116919120000603
dimes,92,1,5.3127076721565025,0.7972326245165196,0.0013479280000865401,2.012518700000328
attgcn,92,1,5.2170975924387575,0.96512596989351,0.002073697000014363,2.012358200000108
gnn,93,1,3.2491348243413043,0.17287861933146242,0.0036776249999093125,2.016660580000007
softdist,93,1,4.646412261082422,1.0367187802595934,0.0033004629999595636,2.02578861100028
dist,93,1,2.5006248587001068,0.5701042605529505,0.0030158200002006197,2.016072606000307
difusco,93,1,2.0892973382883318,0.42791255220826496,0.0015049889998408617,2.010664709000139
dimes,93,1,5.963094711222272,0.9382366453882129,0.0012848409996877308,2.0121257759997206
attgcn,93,1,4.4876687245059665,0.7545233587936906,0.0028513629999906698,2.0198892850003176
gnn,94,1,4.361667366117361,1.010856162750251,0.0037053040000500914,2.023917144999814
softdist,94,1,5.468170952436369,1.0357137305716524,0.0035930019998886564,2.0252710959998694
dist,94,1,4.915688310670929,0.670976250016464,0.0029426030000649916,2.0144262040003014
difusco,94,1,2.2268516897015145,0.486251189269149,0.0015193389999694773,2.010759096000129
dimes,94,1,4.4908987079551155,1.1760440035110342,0.001357111000288569,2.0127260240001306
attgcn,94,1,6.5875490574647255,1.1177241949209327,0.0022080700000515208,2.0126458280001316
gnn,95,1,3.8611142952943656,0.8035126647783164,0.0034005970001089736,2.0170754700002362
softdist,95,1,4.811600078061828,0.767358909699789,0.003347400999700767,2.0168211949999204
dist,95,1,3.5382668625816738,0.7023276360232478,0.0031302789998335356,2.02340896800024
difusco,95,1,2.7637623223564667,0.8509693110216432,0.001525614999991376,2.020796116999918
dimes,95,1,4.630061733472202,1.3261147286877772,0.001288413000111177,2.015232377000302
attgcn,95,1,5.0207308241075,1.156853849202033,0.002121705999797996,2.012673102000008
gnn,96,1,4.197931373023023,1.0791251042991945,0.0036580629998752556,2.019352460999926
softdist,96,1,3.199856728720052,0.6701084590408746,0.003602185000090685,2.018129275999854
dist,96,1,5.813759031570731,0.5986278717341476,0.0029953210000712716,2.0160119030001624
difusco,96,1,3.035577861744443,1.0417043803477188,0.002041995000126917,2.0138213659997746
dimes,96,1,4.4180243968401145,0.6583530547330074,0.0015252089997375151,2.0165979619996506
attgcn,96,1,5.908070363496742,1.3890220314090485,0.002332561999992322,2.0176713290002226
gnn,97,1,5.234359996398652,0.8655317422191722,0.00356167900008586,2.01755914100022
softdist,97,1,3.628881058262401,0.5924144209316085,0.0038040129998080374,2.018419685000026
dist,97,1,4.126797923512382,0.7239705692886567,0.0033126070002253982,2.0173631180000484
difusco,97,1,3.1218389484689357,0.7628978718999813,0.0016194190002352116,2.0139509670002553
dimes,97,1,4.842768849812096,0.9282264101174942,0.0015516290000050503,2.0154538930000854
attgcn,97,1,5.449237775173721,0.3950406984145616,0.0023893729999144853,2.0143379529999947
gnn,98,1,4.261005798179607,0.889193532458088,0.0035787349997917772,2.0181176249998316
softdist,98,1,3.6509949563111155,0.6508220892696093,0.0049880790002134745,2.059998491999977
dist,98,1,4.03379235678476,0.9712519629110572,0.003156906999720377,2.017931356999725
difusco,98,1,2.872281124036058,0.8520272734786838,0.0017178940001940646,2.012264293000044
dimes,98,1,5.356604949872867,1.2911185906779643,0.0014477190002253337,2.0127143790000446
attgcn,98,1,6.887724672300477,0.6184594006971134,0.0025955709998015664,2.020054326999798
gnn,99,1,3.0581483807968324,0.18807119212638224,0.0035214260001339426,2.0209933379996983
softdist,99,1,4.126198782771806,0.6965335668591921,0.004889826000180619,2.0228883350000615
dist,99,1,3.5649457612253244,0.5293407989122256,0.003118350000022474,2.0161049640000783
difusco,99,1,3.0550784558907695,0.3536612560308239,0.0019229570002607943,2.015655311000046
dimes,99,1,6.591650095064527,1.0013624644510832,0.001541174000067258,2.0143865999998525
attgcn,99,1,6.029991865900208,0.9480717834994934,0.002197801999955118,2.0166145309999592
gnn,100,1,3.7084513439517464,0.4544015212635033,0.0037771600000269245,2.0208290470000065
softdist,100,1,4.960001272186854,0.9872605967570447,0.003536602999702154,2.0161247000000913
dist,100,1,5.29782011788118,0.5316522311322069,0.0031686320003245783,2.0170794420000675
difusco,100,1,2.614716977956766,0.83566205091683,0.0015351810002357524,2.010594625000067
dimes,100,1,5.630286373361981,1.3056286743865053,0.0015323610000450572,2.012637543999972
attgcn,100,1,5.148095460073598,1.0612936911862825,0.002181879000090703,2.013299613000072
gnn,101,1,4.541954100571033,0.6233835639530394,0.0036362280002322223,2.0211227180002425
softdist,101,1,4.292977235552886,0.7039464781744886,0.003286694000053103,2.0196518839998134
dist,101,1,3.8444912752014337,0.6567672774464794,0.0029928750000181026,2.0238805760000105
difusco,101,1,2.710342569777069,0.38063077502843434,0.0016001109997887397,2.0130893059999835
dimes,101,1,7.014306789206848,0.8223023445081745,0.001594628000020748,2.0159324319997722
attgcn,101,1,5.0435864079251935,1.000739163222386,0.002064792000055604,2.015108562000023
gnn,102,1,3.2942860846649324,0.20842491295798293,0.004155354999966221,2.0221428719996766
softdist,102,1,5.98255223671551,1.202100439482301,0.0037323050000850344,2.018207480000001
dist,102,1,5.337883661581944,1.2846460960988626,0.003077809999922465,2.0147136699997645
difusco,102,1,1.2544698282208389,0.45409077754692273,0.0014591140002266911,2.01121332799994
dimes,102,1,5.870837137767171,0.7715404824582439,0.0013878089998797805,2.025936430999991
attgcn,102,1,4.84009011885731,0.7998643027632868,0.0022102129996710573,2.015827297999749
gnn,103,1,3.46421677838622,0.4776522038479003,0.003598652000164293,2.017730905999997
softdist,103,1,5.302259765011552,0.3032560669425477,0.003455982999639673,2.0232883189996755
dist,103,1,5.065421383304081,0.21830667353464062,0.00298778999967908,2.014223018999928
difusco,103,1,2.4190257134027338,0.5655628090367459,0.0014757779999854392,2.0103662299998177
dimes,103,1,5.584125484370173,0.8053248939951407,0.0016309409998029878,2.011503368999911
attgcn,103,1,5.1067636709208,0.847331207482771,0.0021986869996908354,2.013963488999707
gnn,104,1,3.9243892893943144,0.5969859996643789,0.0034493770003791724,2.016829885000334
softdist,104,1,3.202460385059247,0.7686821193092053,0.004787544000009802,2.02026408599977
dist,104,1,4.964893465161158,0.8128423731371459,0.003165239000281872,2.016345757000181
difusco,104,1,3.47717559194185,0.9065187220719473,0.0015949550002005708,2.0115678410002147
dimes,104,1,5.317063483055473,1.0000216356591762,0.001592879999861907,2.0133804150000287
attgcn,104,1,5.034201792028181,1.4822130120588195,0.002426365000246733,2.0164029340003253
gnn,105,1,4.974455293760571,0.47426078240089264,0.003825968000001012,2.018609423000271
softdist,105,1,4.604025808396495,0.6504098941568559,0.003964336000080948,2.0212434450004366
dist,105,1,4.514462072969683,1.0461648738292695,0.0032394400000157475,2.038399991999995
difusco,105,1,2.8240826316494605,0.34857279794222595,0.0019421679999140906,2.015659761999814
dimes,105,1,6.625382848204775,1.1760774392358675,0.0015045329996610235,2.0138448259999677
attgcn,105,1,5.460148662000286,1.254242902778735,0.0022160119997352012,2.0138178600000174
gnn,106,1,4.026034945178636,0.5045515137982459,0.003838845000245783,2.0213351590000457
softdist,106,1,4.044004322119732,0.6136128448637868,0.004388296000342962,2.021140363000086
dist,106,1,4.575119822077345,1.1621225416519554,0.004232640999816795,2.0229951189999156
difusco,106,1,2.8525241794644662,0.5675874542448334,0.0025638900001467846,2.016688424000222
dimes,106,1,4.782736928026687,1.2519416905654834,0.0013058859999546257,2.012148158999935
attgcn,106,1,5.529566940451902,0.8659962367797203,0.0023028199998407217,2.020091262999813
gnn,107,1,3.5331871092167733,0.542765678474022,0.003302496999822324,2.0173830449998604
softdist,107,1,4.059505002403374,0.6557564199376476,0.003518101999816281,2.0159338319999733
dist,107,1,5.368784873976473,0.8157794493276249,0.0032938469998953224,2.017036755999925
difusco,107,1,2.2002962654176894,0.6162241250259104,0.0015510039997934655,2.017121717000009
dimes,107,1,7.2315441572367245,0.8917304560464911,0.0014788500002396177,2.0135967960000016
attgcn,107,1,4.574537513120069,0.5065876111135514,0.002026470000146219,2.021490323999842
gnn,108,1,3.4014057081680926,0.5460064073574911,0.0037733090002802783,2.0214690850002626
softdist,108,1,5.271273280975253,0.5440670968882122,0.003882970999711688,2.019886805999704
dist,108,1,4.438977740258232,0.7177529501437796,0.00448597200011136,2.02711986300028
difusco,108,1,2.540691562525965,0.6036348638531974,0.002201977999902738,2.0179676479997397
dimes,108,1,4.859119451885707,0.993788579121202,0.0013288539998939086,2.0144785819998106
attgcn,108,1,5.97148754919874,1.3240820609208503,0.0020788799997717433,2.0124065649997647
gnn,109,1,4.519561573614506,0.5666203770905653,0.003417163999984041,2.019339984999988
softdist,109,1,4.174930852588332,0.7021610217136542,0.004454275000171037,2.0221123960000114
dist,109,1,3.6796528875999046,0.6061136130992795,0.002972499999941647,2.017123664999872
difusco,109,1,3.0297653304070638,0.5123271390741646,0.0017907719998220273,2.0127343140002267
dimes,109,1,5.128781648574066,0.9527253199467012,0.0015334119998442475,2.014581102000193
attgcn,109,1,4.600451476809875,0.6361436332902315,0.002219295000031707,2.013953684000171
gnn,110,1,4.02898480146987,0.6198729105412637,0.0033755860004021088,2.017622778000259
softdist,110,1,5.7544690182920855,0.9772569672148679,0.0033589650001886184,2.016559267000048
dist,110,1,4.1993690197331235,1.2671965186195955,0.0030395969997698558,2.0238703850000093
difusco,110,1,2.5542269697592435,0.6501161060673555,0.0015024560002530052,2.011242933000176
dimes,110,1,5.785383484673456,0.864919081200477,0.0013443469997582724,2.0128256019997934
attgcn,110,1,5.0429705993702,1.7095583194609798,0.0024894469997889246,2.0159693589998824
gnn,111,1,3.7868753552797063,0.44848626161522187,0.0033986069997808954,2.017092059999868
softdist,111,1,4.0738151977239845,0.8140337530472941,0.004761500999848067,2.024665093999829
dist,111,1,4.9667016363134975,0.8790514951638295,0.002909804999944754,2.0172805479996896
difusco,111,1,2.571130906965169,0.5039989629940012,0.001640873999804171,2.0124582209996333
dimes,111,1,4.899949345349963,1.4632514444821387,0.00147695100031342,2.0128770640003495
attgcn,111,1,5.6551166249890095,1.1503947538320292,0.0022514460001730185,2.0207389520001016
gnn,112,1,5.180063555108161,0.604849216647918,0.004113936000067042,2.0244523350002055
softdist,112,1,5.201482735517882,0.5565944659674305,0.0034656840002753597,2.0185547290002432
dist,112,1,5.2579220660066595,0.7649928969761799,0.002941081000244594,2.0156588130003
difusco,112,1,2.76617664444474,0.4131032288756442,0.0016763280000304803,2.0112185689999933
dimes,112,1,5.3180777238577726,0.9279406278214664,0.001471003999995446,2.0210260910002944
attgcn,112,1,4.693529045505462,0.4501069128054702,0.002253542000289599,2.017993222000314
gnn,113,1,3.537626856365983,0.4654800489807265,0.003514548000111972,2.017563579000125
softdist,113,1,4.427422273886172,0.5870770852069329,0.0034734519999801705,2.0323294279996844
dist,113,1,4.326317015284431,0.46416639091939604,0.0031787879997864366,2.0165225860000646
difusco,113,1,2.1936574241652185,0.6792883331390387,0.001790805999917211,2.0235880870000074
dimes,113,1,4.609558404688574,0.7258820910345909,0.0015043439998407848,2.0178835639999306
attgcn,113,1,4.952229480688897,0.9226828608310367,0.0028289669999139733,2.018802360999871
gnn,114,1,4.325329307927506,0.6289150205000649,0.0034050569997816638,2.0172757320001438
softdist,114,1,4.6901218393403665,0.47231380555383673,0.0036029529996994825,2.0209631439997793
dist,114,1,4.636899630011815,0.8898775060287134,0.0030037839997021365,2.0148229549999996
difusco,114,1,2.7059567489472247,0.5584410352022839,0.0018415140002616681,2.011404687000322
dimes,114,1,4.543126722174984,1.3437525448976473,0.001437441000234685,2.0121968010003
attgcn,114,1,5.428859215235549,1.2456096769470237,0.0024677750002410903,2.013558860000103
gnn,115,1,3.779639191667661,0.6788984332543713,0.004725787000097625,2.02343186600001
softdist,115,1,5.262827281669091,0.7034415258979188,0.003731106000032014,2.0336858299997402
dist,115,1,5.2610207311991175,0.594829220832227,0.0029874019996896095,2.0169935679996343
difusco,115,1,3.1328433655161803,1.2436643275096193,0.0016519820001121843,2.0108189990000938
dimes,115,1,7.298897971444984,1.2749003960955685,0.0013485790000231646,2.011687474000155
attgcn,115,1,6.432878900376626,1.1881918471245312,0.0023315520002142875,2.013216745000136
gnn,116,1,4.718782576632008,0.4428268525912715,0.0035911929999201675,2.0283050319999347
softdist,116,1,4.153936254290258,0.6655605479025439,0.0033923840001079952,2.0192021889997704
dist,116,1,4.77503433343891,0.6190563350206402,0.003429899999900954,2.0161068939996767
difusco,116,1,3.748976474611343,0.7503892614155738,0.001457512000342831,2.0119027959999585
dimes,116,1,4.750112574385379,1.0346003916583468,0.0014157350001369196,2.0114001950000784
attgcn,116,1,4.589050091348623,0.9040500311316979,0.0026868479999393458,2.0152542050000193
gnn,117,1,3.2797695066472343,0.09759765206405202,0.0034519139999247272,2.0172391609999067
softdist,117,1,2.9415951265667095,0.3501304598819477,0.003711909000230662,2.018148984000163
dist,117,1,5.0526279006102515,0.9536381264396709,0.003056211000057374,2.0159612380002727
difusco,117,1,2.6475246589633183,1.1057727351344138,0.0014531380002154037,2.014954780000153
dimes,117,1,5.260958761696322,0.6328457657123643,0.0015870339998400596,2.0159424640000907
attgcn,117,1,6.2809122718160415,1.1359654030226318,0.0021766750001006585,2.0134467950001635
gnn,118,1,4.014885382390809,0.5052291948083321,0.003404927000246971,2.018626132999998
softdist,118,1,4.132932878414164,0.6575404818088826,0.003685955000037211,2.0184003999997913
dist,118,1,4.353272950030274,0.7265222959038642,0.007008257000052254,2.0253620009998485
difusco,118,1,3.0960782053358837,0.4298911681759554,0.0018173210000895779,2.0175375630001326
dimes,118,1,5.750070442081601,0.7285818226482554,0.0014300000002549496,2.016068683999947
attgcn,118,1,6.050408861740064,1.0201548221846046,0.002813961999891035,2.014838435999991
gnn,119,1,4.809998731364495,0.5762337924873462,0.003682832000322378,2.0179678110002897
softdist,119,1,3.568581783541669,0.9707482848229754,0.0038576199999624805,2.018016176999936
dist,119,1,3.7180995568512287,1.0503232951057262,0.0030486669998026628,2.015966649999882
difusco,119,1,2.7639746542080346,0.77821737983641,0.0014610610001000168,2.0173015220002526
dimes,119,1,5.144275334224191,1.0293886352448434,0.0013496440001290466,2.0173923600000307
attgcn,119,1,5.199391651782004,0.7578318754014379,0.0020671649999712827,2.023929966000196
gnn,120,1,3.7583684018664965,0.4799631552006023,0.0038107589998617186,2.019894036000096
softdist,120,1,4.28724826131841,0.8876967210880826,0.00508349299980182,2.022004853999988
dist,120,1,4.493608978593766,0.6398571389611751,0.003302381000139576,2.0184699980000005
difusco,120,1,2.4996215833485325,0.7228014384102144,0.002222962999894662,2.0150509619998047
dimes,120,1,5.79642758070702,1.0107179361901864,0.0015014810001048318,2.0124715759998253
attgcn,120,1,6.664835753868781,1.063355650709541,0.0021411470002021815,2.0306135259997973
gnn,121,1,4.551894292562753,0.7510639802564834,0.0034683869998843875,2.01667683200003
softdist,121,1,6.182303419852109,0.8355868961357205,0.0032818399999996473,2.0162629589999597
dist,121,1,5.505192700996231,1.0327616877227053,0.0032164459998966777,2.0176716549999583
difusco,121,1,1.5686180465513067,0.31611628335712627,0.0019309889999021834,2.015152538000166
dimes,121,1,5.842099422750424,1.7532525895338713,0.001472315999762941,2.013025066999944
attgcn,121,1,6.775253676572368,1.4618351191596268,0.0020254589999240125,2.0127794619997985
gnn,122,1,4.408693570068412,0.7270541065808933,0.0033929900000657653,2.0179637239998556
softdist,122,1,3.998784175350756,0.5987519148032305,0.0034956280001097184,2.0253577510002287
dist,122,1,3.44992140279774,0.6070890744738877,0.00300471499986088,2.014699171999837
difusco,122,1,2.5097233753841763,0.9260465516812921,0.0015473490002477774,2.011741534000066
dimes,122,1,4.895401309926339,1.1344340928561847,0.0014795490001233702,2.016392284000176
attgcn,122,1,6.67068862796889,0.6719626517033062,0.0020905460000903986,2.0196654210003544
gnn,123,1,4.151452441012049,0.6639092096841104,0.0033804489999056386,2.0197955570001795
softdist,123,1,4.773332037453271,0.569772184687789,0.003431340999668464,2.030155802999616
dist,123,1,3.9384710810168144,0.9570721420682826,0.0031762839998918935,2.016836561999753
difusco,123,1,2.2735470121565404,0.686709987726486,0.0019664589999592863,2.0147466539997367
dimes,123,1,4.468853161665631,0.8624248030526971,0.0013340179998522217,2.013710994000121
attgcn,123,1,4.578168050480147,0.5873645226844415,0.0025874180000755587,2.0187906529999964
gnn,124,1,4.371227928820387,0.40087933963399713,0.0034275090001756325,2.01659687900019
softdist,124,1,4.11966440312348,0.7912431970373834,0.0034345829999438138,2.041945941999984
dist,124,1,4.239918842933288,0.6257969162595911,0.0030483159998766496,2.014857023999866
difusco,124,1,2.7614797158488136,0.7028668839185626,0.0015106509999895934,2.012524730000223
dimes,124,1,5.607097258061566,1.1103510360039648,0.00150611899971409,2.011752720000004
attgcn,124,1,6.292905747526567,1.2231487704654542,0.002061425000192685,2.0133405360002143
gnn,125,1,4.884205001832176,0.605373424489164,0.0045252949998939584,2.021355083999879
softdist,125,1,5.80985410797068,0.9147964823436272,0.0034940829996230605,2.017462792999595
dist,125,1,4.859681985772246,0.8774184552899467,0.0030970679999882123,2.0253581130000384
difusco,125,1,2.4447553730707394,0.4354840217043243,0.0015756850002617284,2.0262604949998604
dimes,125,1,5.154766425174029,1.2295224502175461,0.0013768029998573184,2.0150332069997603
attgcn,125,1,6.27182593762905,0.7969767590591204,0.002004575999762892,2.01764519299968
gnn,126,1,4.146467052078595,0.18177112026454,0.00395410000010088,2.056027481000001
softdist,126,1,4.909202924530365,0.7149677386808717,0.0038012949999028933,2.0322629019997294
dist,126,1,3.853129163307667,0.5342806618354956,0.003354716000103508,2.017114603000209
difusco,126,1,2.1348971715543286,0.5485062844601263,0.0016981130002022837,2.011825176000002
dimes,126,1,4.9662474931939204,1.1229306164503239,0.0017863009998109192,2.0164485919999606
attgcn,126,1,6.281529860579549,0.6839020663466977,0.0021646290001626767,2.012910230000216
gnn,127,1,3.653242757027364,0.16878384621339393,0.004455525999674137,2.0260806009996486
softdist,127,1,4.672895816488709,0.7128965501271622,0.0034029470002678863,2.023259946000053
dist,127,1,4.006037033484211,0.7421928014468948,0.0033506409999972675,2.0193773500000134
difusco,127,1,3.7500531064282194,1.0675479914108443,0.00151878199994826,2.01232543299966
dimes,127,1,5.537959934419523,0.760674925697491,0.0014932290000615467,2.014920159999747
attgcn,127,1,6.296262626210414,0.9343879200074623,0.002183678000164946,2.01322423900001
